SET ECHO ON;
SET LINESIZE 200;

BEGIN EXECUTE IMMEDIATE 'DROP TABLE TRANSAKSI_NILAI CASCADE CONSTRAINTS'; EXCEPTION WHEN OTHERS THEN NULL; END;
/
BEGIN EXECUTE IMMEDIATE 'DROP TABLE MASTER_BOBOT CASCADE CONSTRAINTS'; EXCEPTION WHEN OTHERS THEN NULL; END;
/
BEGIN EXECUTE IMMEDIATE 'DROP TABLE MATA_KULIAH CASCADE CONSTRAINTS'; EXCEPTION WHEN OTHERS THEN NULL; END;
/
BEGIN EXECUTE IMMEDIATE 'DROP TABLE MAHASISWA CASCADE CONSTRAINTS'; EXCEPTION WHEN OTHERS THEN NULL; END;
/

create table MAHASISWA (
    NIM VARCHAR2(10) PRIMARY KEY,
    NAMA_MAHASISWA VARCHAR2(100),
    TANGGAL_LAHIR DATE
);

create table MATA_KULIAH (
    KODE_MK VARCHAR2(10) PRIMARY KEY,
    NAMA_MK VARCHAR2(100),
    SKS NUMBER
);

create table MASTER_BOBOT (
    NILAI VARCHAR2(2) PRIMARY KEY,
    BOBOT NUMBER
);

create table TRANSAKSI_NILAI (
    NIM VARCHAR2(10),
    KODE_MK VARCHAR2(10),
    NILAI VARCHAR2(2),
    primary key (NIM, KODE_MK),
    foreign key (NIM) REFERENCES MAHASISWA(NIM),
    foreign key (KODE_MK) REFERENCES MATA_KULIAH(KODE_MK),
    foreign key (NILAI) REFERENCES MASTER_BOBOT(NILAI)
);

INSERT INTO MAHASISWA VALUES ('31980', 'Joni', TO_DATE('13/05/2005', 'DD/MM/YYYY'));
INSERT INTO MAHASISWA VALUES ('31895', 'Demi', TO_DATE('10/09/2002', 'DD/MM/YYYY'));
INSERT INTO MAHASISWA VALUES ('32477', 'Moana', TO_DATE('15/12/1999', 'DD/MM/YYYY'));

INSERT INTO MATA_KULIAH VALUES ('BD001', 'Basis Data', 4);
INSERT INTO MATA_KULIAH VALUES ('KL003', 'Kalkulus', 3);
INSERT INTO MATA_KULIAH VALUES ('ST002', 'Statistika', 3);

INSERT INTO MASTER_BOBOT VALUES ('A', 4);
INSERT INTO MASTER_BOBOT VALUES ('B', 3);
INSERT INTO MASTER_BOBOT VALUES ('C', 2);

INSERT INTO TRANSAKSI_NILAI VALUES ('31980', 'BD001', 'B');
INSERT INTO TRANSAKSI_NILAI VALUES ('31895', 'KL003', 'A');
INSERT INTO TRANSAKSI_NILAI VALUES ('31895', 'BD001', 'A');
INSERT INTO TRANSAKSI_NILAI VALUES ('32477', 'BD001', 'C');
INSERT INTO TRANSAKSI_NILAI VALUES ('32477', 'ST002', 'A');

select 
    m.NAMA_MAHASISWA AS "Nama_Mahasiswa",
    m.NIM,
    TO_CHAR(m.TANGGAL_LAHIR, 'DD/MM/YY') AS "Tanggal_Lahir",
    mk.KODE_MK AS "Kode_MK",
    mk.NAMA_MK AS "Nama_MK",
    mk.SKS,
    tn.NILAI AS "Nilai",
    b.BOBOT AS "Bobot"
from TRANSAKSI_NILAI tn
join MAHASISWA m ON tn.NIM = m.NIM
join MATA_KULIAH mk ON tn.KODE_MK = mk.KODE_MK
join MASTER_BOBOT b ON tn.NILAI = b.NILAI
order by m.NIM DESC, mk.KODE_MK;